purpose_text,transaction_type,tokens
unknown,entertainment,['unknown']
unknown,utilities,['unknown']
flight berlin bill,travel,"['flight', 'berlin', 'bill']"
google one subscription fee eur,subscription,"['google', 'one', 'subscription', 'fee', 'eu', '##r']"
,entertainment,[]
mobile citywater bill february,utilities,"['mobile', 'city', '##water', 'bill', 'february']"
internet elisa bill december,utilities,"['internet', 'elisa', 'bill', 'december']"
unexpected expense fee eur,other,"['unexpected', 'expense', 'fee', 'eu', '##r']"
,utilities,[]
rent january invoice eur,rent,"['rent', 'january', 'in', '##vo', '##ice', 'eu', '##r']"
rent september invoice eur,rent,"['rent', 'september', 'in', '##vo', '##ice', 'eu', '##r']"
hotel new york payment,travel,"['hotel', 'new', 'york', 'payment']"
train tallinn invoice,travel,"['train', 'tallinn', 'in', '##vo', '##ice']"
google one subscription bill,subscription,"['google', 'one', 'subscription', 'bill']"
hotel helsinki invoice eur,travel,"['hotel', 'helsinki', 'in', '##vo', '##ice', 'eu', '##r']"
taxi boston transfer eur,travel,"['taxi', 'boston', 'transfer', 'eu', '##r']"
tickets bill eur,entertainment,"['tickets', 'bill', 'eu', '##r']"
bolt market groceries bill,groceries,"['bolt', 'market', 'groceries', 'bill']"
taxi paris fee eur,travel,"['taxi', 'paris', 'fee', 'eu', '##r']"
spotify subscription bill eur,subscription,"['spot', '##ify', 'subscription', 'bill', 'eu', '##r']"
hotel tartu payment,travel,"['hotel', 'tar', '##tu', 'payment']"
taxi tokyo transfer,travel,"['taxi', 'tokyo', 'transfer']"
taxi berlin bill,travel,"['taxi', 'berlin', 'bill']"
flight helsinki transfer,travel,"['flight', 'helsinki', 'transfer']"
museum transfer eur,entertainment,"['museum', 'transfer', 'eu', '##r']"
train tartu payment,travel,"['train', 'tar', '##tu', 'payment']"
prisma groceries transfer eur,groceries,"['prism', '##a', 'groceries', 'transfer', 'eu', '##r']"
rent april transfer eur,rent,"['rent', 'april', 'transfer', 'eu', '##r']"
youtube subscription fee eur,subscription,"['youtube', 'subscription', 'fee', 'eu', '##r']"
unknown,subscription,['unknown']
train tallinn bill eur,travel,"['train', 'tallinn', 'bill', 'eu', '##r']"
apple subscription fee eur,subscription,"['apple', 'subscription', 'fee', 'eu', '##r']"
mobile enefit bill july,utilities,"['mobile', 'en', '##ef', '##it', 'bill', 'july']"
internet elisa bill february,utilities,"['internet', 'elisa', 'bill', 'february']"
rent january bill,rent,"['rent', 'january', 'bill']"
tickets payment eur,entertainment,"['tickets', 'payment', 'eu', '##r']"
rent august bill eur,rent,"['rent', 'august', 'bill', 'eu', '##r']"
hotel berlin bill,travel,"['hotel', 'berlin', 'bill']"
water enefit bill may,utilities,"['water', 'en', '##ef', '##it', 'bill', 'may']"
taxi london fee eur,travel,"['taxi', 'london', 'fee', 'eu', '##r']"
bolt market groceries transfer eur,groceries,"['bolt', 'market', 'groceries', 'transfer', 'eu', '##r']"
wolt market groceries fee eur,groceries,"['wo', '##lt', 'market', 'groceries', 'fee', 'eu', '##r']"
rent june bill,rent,"['rent', 'june', 'bill']"
coop groceries invoice,groceries,"['coop', 'groceries', 'in', '##vo', '##ice']"
rent january transfer eur,rent,"['rent', 'january', 'transfer', 'eu', '##r']"
unknown,utilities,['unknown']
rent august bill eur,rent,"['rent', 'august', 'bill', 'eu', '##r']"
misc expense fee eur,other,"['mis', '##c', 'expense', 'fee', 'eu', '##r']"
flight berlin invoice,travel,"['flight', 'berlin', 'in', '##vo', '##ice']"
mobile utilityco bill may,utilities,"['mobile', 'utility', '##co', 'bill', 'may']"
gas utilityco bill may eur,utilities,"['gas', 'utility', '##co', 'bill', 'may', 'eu', '##r']"
train tokyo invoice,travel,"['train', 'tokyo', 'in', '##vo', '##ice']"
electricity citywater bill november,utilities,"['electricity', 'city', '##water', 'bill', 'november']"
water citywater bill september eur,utilities,"['water', 'city', '##water', 'bill', 'september', 'eu', '##r']"
rent november payment eur,rent,"['rent', 'november', 'payment', 'eu', '##r']"
rent june fee,rent,"['rent', 'june', 'fee']"
bolt market groceries fee eur,groceries,"['bolt', 'market', 'groceries', 'fee', 'eu', '##r']"
rent november fee,rent,"['rent', 'november', 'fee']"
concert invoice eur,entertainment,"['concert', 'in', '##vo', '##ice', 'eu', '##r']"
unknown,travel,['unknown']
spotify subscription transfer,subscription,"['spot', '##ify', 'subscription', 'transfer']"
google one subscription transfer eur,subscription,"['google', 'one', 'subscription', 'transfer', 'eu', '##r']"
flight berlin transfer,travel,"['flight', 'berlin', 'transfer']"
unknown,subscription,['unknown']
aldi groceries transfer eur,groceries,"['al', '##di', 'groceries', 'transfer', 'eu', '##r']"
tickets payment eur,entertainment,"['tickets', 'payment', 'eu', '##r']"
internet telia bill april,utilities,"['internet', 'tel', '##ia', 'bill', 'april']"
cinema fee eur,entertainment,"['cinema', 'fee', 'eu', '##r']"
spar groceries invoice,groceries,"['spa', '##r', 'groceries', 'in', '##vo', '##ice']"
water citywater bill november,utilities,"['water', 'city', '##water', 'bill', 'november']"
netflix subscription fee,subscription,"['netflix', 'subscription', 'fee']"
electricity utilityco bill july eur,utilities,"['electricity', 'utility', '##co', 'bill', 'july', 'eu', '##r']"
taxi helsinki transfer,travel,"['taxi', 'helsinki', 'transfer']"
,entertainment,[]
heating enefit bill february,utilities,"['heating', 'en', '##ef', '##it', 'bill', 'february']"
train helsinki transfer,travel,"['train', 'helsinki', 'transfer']"
water enefit bill january,utilities,"['water', 'en', '##ef', '##it', 'bill', 'january']"
unknown,other,['unknown']
train helsinki invoice eur,travel,"['train', 'helsinki', 'in', '##vo', '##ice', 'eu', '##r']"
netflix subscription invoice,subscription,"['netflix', 'subscription', 'in', '##vo', '##ice']"
internet elisa bill august eur,utilities,"['internet', 'elisa', 'bill', 'august', 'eu', '##r']"
cinema fee,entertainment,"['cinema', 'fee']"
rent april invoice eur,rent,"['rent', 'april', 'in', '##vo', '##ice', 'eu', '##r']"
rent june fee eur,rent,"['rent', 'june', 'fee', 'eu', '##r']"
unknown,travel,['unknown']
hotel paris transfer eur,travel,"['hotel', 'paris', 'transfer', 'eu', '##r']"
heating elisa bill february eur,utilities,"['heating', 'elisa', 'bill', 'february', 'eu', '##r']"
rent february payment,rent,"['rent', 'february', 'payment']"
water elisa bill october eur,utilities,"['water', 'elisa', 'bill', 'october', 'eu', '##r']"
tickets payment,entertainment,"['tickets', 'payment']"
rent august fee eur,rent,"['rent', 'august', 'fee', 'eu', '##r']"
general expense fee eur,other,"['general', 'expense', 'fee', 'eu', '##r']"
local market groceries fee eur,groceries,"['local', 'market', 'groceries', 'fee', 'eu', '##r']"
rent april transfer,rent,"['rent', 'april', 'transfer']"
gas elisa bill july eur,utilities,"['gas', 'elisa', 'bill', 'july', 'eu', '##r']"
rent june invoice,rent,"['rent', 'june', 'in', '##vo', '##ice']"
unknown,groceries,['unknown']
hotel tartu invoice,travel,"['hotel', 'tar', '##tu', 'in', '##vo', '##ice']"
museum transfer,entertainment,"['museum', 'transfer']"
rimi groceries transfer,groceries,"['rim', '##i', 'groceries', 'transfer']"
aldi groceries fee,groceries,"['al', '##di', 'groceries', 'fee']"
prisma groceries invoice,groceries,"['prism', '##a', 'groceries', 'in', '##vo', '##ice']"
internet utilityco bill april,utilities,"['internet', 'utility', '##co', 'bill', 'april']"
rent august fee,rent,"['rent', 'august', 'fee']"
train tartu payment,travel,"['train', 'tar', '##tu', 'payment']"
heating citywater bill august eur,utilities,"['heating', 'city', '##water', 'bill', 'august', 'eu', '##r']"
misc expense invoice eur,other,"['mis', '##c', 'expense', 'in', '##vo', '##ice', 'eu', '##r']"
online store groceries payment eur,groceries,"['online', 'store', 'groceries', 'payment', 'eu', '##r']"
spar groceries invoice eur,groceries,"['spa', '##r', 'groceries', 'in', '##vo', '##ice', 'eu', '##r']"
youtube subscription invoice eur,subscription,"['youtube', 'subscription', 'in', '##vo', '##ice', 'eu', '##r']"
spar groceries transfer,groceries,"['spa', '##r', 'groceries', 'transfer']"
general expense fee eur,other,"['general', 'expense', 'fee', 'eu', '##r']"
museum fee eur,entertainment,"['museum', 'fee', 'eu', '##r']"
general expense bill eur,other,"['general', 'expense', 'bill', 'eu', '##r']"
water elisa bill february,utilities,"['water', 'elisa', 'bill', 'february']"
flight new york transfer,travel,"['flight', 'new', 'york', 'transfer']"
concert transfer,entertainment,"['concert', 'transfer']"
,subscription,[]
internet enefit bill january,utilities,"['internet', 'en', '##ef', '##it', 'bill', 'january']"
flight berlin payment,travel,"['flight', 'berlin', 'payment']"
hotel tallinn bill,travel,"['hotel', 'tallinn', 'bill']"
cinema bill eur,entertainment,"['cinema', 'bill', 'eu', '##r']"
lidl groceries invoice,groceries,"['lid', '##l', 'groceries', 'in', '##vo', '##ice']"
gas elisa bill september,utilities,"['gas', 'elisa', 'bill', 'september']"
unexpected expense bill eur,other,"['unexpected', 'expense', 'bill', 'eu', '##r']"
selver groceries transfer,groceries,"['se', '##lver', 'groceries', 'transfer']"
misc expense bill eur,other,"['mis', '##c', 'expense', 'bill', 'eu', '##r']"
water utilityco bill january,utilities,"['water', 'utility', '##co', 'bill', 'january']"
rent january transfer,rent,"['rent', 'january', 'transfer']"
taxi paris bill,travel,"['taxi', 'paris', 'bill']"
train berlin invoice eur,travel,"['train', 'berlin', 'in', '##vo', '##ice', 'eu', '##r']"
water enefit bill october,utilities,"['water', 'en', '##ef', '##it', 'bill', 'october']"
rent january invoice,rent,"['rent', 'january', 'in', '##vo', '##ice']"
aldi groceries bill eur,groceries,"['al', '##di', 'groceries', 'bill', 'eu', '##r']"
disney subscription transfer eur,subscription,"['disney', 'subscription', 'transfer', 'eu', '##r']"
tickets invoice,entertainment,"['tickets', 'in', '##vo', '##ice']"
unknown,utilities,['unknown']
hotel berlin payment,travel,"['hotel', 'berlin', 'payment']"
hulu subscription payment eur,subscription,"['hu', '##lu', 'subscription', 'payment', 'eu', '##r']"
rimi groceries payment eur,groceries,"['rim', '##i', 'groceries', 'payment', 'eu', '##r']"
cinema invoice,entertainment,"['cinema', 'in', '##vo', '##ice']"
gas elisa bill november eur,utilities,"['gas', 'elisa', 'bill', 'november', 'eu', '##r']"
restaurant bill,entertainment,"['restaurant', 'bill']"
electricity citywater bill june,utilities,"['electricity', 'city', '##water', 'bill', 'june']"
rent april invoice,rent,"['rent', 'april', 'in', '##vo', '##ice']"
unknown,travel,['unknown']
online store groceries transfer eur,groceries,"['online', 'store', 'groceries', 'transfer', 'eu', '##r']"
rent september bill,rent,"['rent', 'september', 'bill']"
hotel helsinki bill,travel,"['hotel', 'helsinki', 'bill']"
online store groceries bill,groceries,"['online', 'store', 'groceries', 'bill']"
apple subscription transfer,subscription,"['apple', 'subscription', 'transfer']"
rent september fee,rent,"['rent', 'september', 'fee']"
youtube subscription bill eur,subscription,"['youtube', 'subscription', 'bill', 'eu', '##r']"
apple subscription bill,subscription,"['apple', 'subscription', 'bill']"
,utilities,[]
unknown,rent,['unknown']
mobile elisa bill january,utilities,"['mobile', 'elisa', 'bill', 'january']"
gas citywater bill february,utilities,"['gas', 'city', '##water', 'bill', 'february']"
hotel london bill,travel,"['hotel', 'london', 'bill']"
unknown,utilities,['unknown']
rent december bill,rent,"['rent', 'december', 'bill']"
adobe subscription invoice,subscription,"['adobe', 'subscription', 'in', '##vo', '##ice']"
hotel riga invoice,travel,"['hotel', 'riga', 'in', '##vo', '##ice']"
misc expense fee,other,"['mis', '##c', 'expense', 'fee']"
tickets invoice,entertainment,"['tickets', 'in', '##vo', '##ice']"
train london payment,travel,"['train', 'london', 'payment']"
rent december payment,rent,"['rent', 'december', 'payment']"
rent february invoice,rent,"['rent', 'february', 'in', '##vo', '##ice']"
rent february bill,rent,"['rent', 'february', 'bill']"
misc expense transfer eur,other,"['mis', '##c', 'expense', 'transfer', 'eu', '##r']"
tickets invoice eur,entertainment,"['tickets', 'in', '##vo', '##ice', 'eu', '##r']"
tickets fee eur,entertainment,"['tickets', 'fee', 'eu', '##r']"
general expense fee,other,"['general', 'expense', 'fee']"
tickets fee eur,entertainment,"['tickets', 'fee', 'eu', '##r']"
google one subscription payment,subscription,"['google', 'one', 'subscription', 'payment']"
rent july transfer eur,rent,"['rent', 'july', 'transfer', 'eu', '##r']"
rent september bill,rent,"['rent', 'september', 'bill']"
selver groceries payment eur,groceries,"['se', '##lver', 'groceries', 'payment', 'eu', '##r']"
electricity utilityco bill december,utilities,"['electricity', 'utility', '##co', 'bill', 'december']"
water telia bill october,utilities,"['water', 'tel', '##ia', 'bill', 'october']"
hulu subscription bill,subscription,"['hu', '##lu', 'subscription', 'bill']"
spotify subscription payment eur,subscription,"['spot', '##ify', 'subscription', 'payment', 'eu', '##r']"
museum payment eur,entertainment,"['museum', 'payment', 'eu', '##r']"
selver groceries payment eur,groceries,"['se', '##lver', 'groceries', 'payment', 'eu', '##r']"
wolt market groceries bill,groceries,"['wo', '##lt', 'market', 'groceries', 'bill']"
amazon prime subscription invoice eur,subscription,"['amazon', 'prime', 'subscription', 'in', '##vo', '##ice', 'eu', '##r']"
adobe subscription bill eur,subscription,"['adobe', 'subscription', 'bill', 'eu', '##r']"
mobile enefit bill january,utilities,"['mobile', 'en', '##ef', '##it', 'bill', 'january']"
electricity utilityco bill september,utilities,"['electricity', 'utility', '##co', 'bill', 'september']"
misc expense invoice eur,other,"['mis', '##c', 'expense', 'in', '##vo', '##ice', 'eu', '##r']"
rent july fee eur,rent,"['rent', 'july', 'fee', 'eu', '##r']"
,other,[]
concert bill eur,entertainment,"['concert', 'bill', 'eu', '##r']"
rent april bill,rent,"['rent', 'april', 'bill']"
taxi paris transfer,travel,"['taxi', 'paris', 'transfer']"
water elisa bill october eur,utilities,"['water', 'elisa', 'bill', 'october', 'eu', '##r']"
google one subscription payment eur,subscription,"['google', 'one', 'subscription', 'payment', 'eu', '##r']"
microsoft subscription payment,subscription,"['microsoft', 'subscription', 'payment']"
adobe subscription transfer,subscription,"['adobe', 'subscription', 'transfer']"
flight new york fee,travel,"['flight', 'new', 'york', 'fee']"
gas telia bill july,utilities,"['gas', 'tel', '##ia', 'bill', 'july']"
restaurant transfer eur,entertainment,"['restaurant', 'transfer', 'eu', '##r']"
rent november transfer,rent,"['rent', 'november', 'transfer']"
taxi riga transfer,travel,"['taxi', 'riga', 'transfer']"
hotel tokyo fee eur,travel,"['hotel', 'tokyo', 'fee', 'eu', '##r']"
rent may bill eur,rent,"['rent', 'may', 'bill', 'eu', '##r']"
heating utilityco bill june eur,utilities,"['heating', 'utility', '##co', 'bill', 'june', 'eu', '##r']"
water elisa bill january eur,utilities,"['water', 'elisa', 'bill', 'january', 'eu', '##r']"
internet citywater bill july,utilities,"['internet', 'city', '##water', 'bill', 'july']"
misc expense transfer eur,other,"['mis', '##c', 'expense', 'transfer', 'eu', '##r']"
,utilities,[]
unexpected expense bill eur,other,"['unexpected', 'expense', 'bill', 'eu', '##r']"
google one subscription fee eur,subscription,"['google', 'one', 'subscription', 'fee', 'eu', '##r']"
rent may transfer,rent,"['rent', 'may', 'transfer']"
concert fee eur,entertainment,"['concert', 'fee', 'eu', '##r']"
unknown,entertainment,['unknown']
rimi groceries payment eur,groceries,"['rim', '##i', 'groceries', 'payment', 'eu', '##r']"
rent october payment eur,rent,"['rent', 'october', 'payment', 'eu', '##r']"
tickets bill eur,entertainment,"['tickets', 'bill', 'eu', '##r']"
general expense transfer eur,other,"['general', 'expense', 'transfer', 'eu', '##r']"
gas enefit bill may,utilities,"['gas', 'en', '##ef', '##it', 'bill', 'may']"
apple subscription transfer eur,subscription,"['apple', 'subscription', 'transfer', 'eu', '##r']"
coop groceries transfer,groceries,"['coop', 'groceries', 'transfer']"
unknown,utilities,['unknown']
rent september payment eur,rent,"['rent', 'september', 'payment', 'eu', '##r']"
selver groceries payment eur,groceries,"['se', '##lver', 'groceries', 'payment', 'eu', '##r']"
taxi tallinn payment,travel,"['taxi', 'tallinn', 'payment']"
unknown,groceries,['unknown']
train london invoice,travel,"['train', 'london', 'in', '##vo', '##ice']"
museum bill eur,entertainment,"['museum', 'bill', 'eu', '##r']"
spotify subscription fee eur,subscription,"['spot', '##ify', 'subscription', 'fee', 'eu', '##r']"
youtube subscription payment eur,subscription,"['youtube', 'subscription', 'payment', 'eu', '##r']"
taxi tallinn invoice,travel,"['taxi', 'tallinn', 'in', '##vo', '##ice']"
rent september invoice,rent,"['rent', 'september', 'in', '##vo', '##ice']"
general expense invoice eur,other,"['general', 'expense', 'in', '##vo', '##ice', 'eu', '##r']"
spotify subscription fee,subscription,"['spot', '##ify', 'subscription', 'fee']"
disney subscription invoice,subscription,"['disney', 'subscription', 'in', '##vo', '##ice']"
,utilities,[]
water enefit bill february eur,utilities,"['water', 'en', '##ef', '##it', 'bill', 'february', 'eu', '##r']"
general expense transfer,other,"['general', 'expense', 'transfer']"
unknown,utilities,['unknown']
train new york payment,travel,"['train', 'new', 'york', 'payment']"
,other,[]
train tartu transfer,travel,"['train', 'tar', '##tu', 'transfer']"
taxi tokyo payment eur,travel,"['taxi', 'tokyo', 'payment', 'eu', '##r']"
local market groceries payment eur,groceries,"['local', 'market', 'groceries', 'payment', 'eu', '##r']"
rent december payment eur,rent,"['rent', 'december', 'payment', 'eu', '##r']"
heating enefit bill september eur,utilities,"['heating', 'en', '##ef', '##it', 'bill', 'september', 'eu', '##r']"
rent october payment eur,rent,"['rent', 'october', 'payment', 'eu', '##r']"
tickets transfer,entertainment,"['tickets', 'transfer']"
adobe subscription invoice eur,subscription,"['adobe', 'subscription', 'in', '##vo', '##ice', 'eu', '##r']"
adobe subscription payment,subscription,"['adobe', 'subscription', 'payment']"
unknown,entertainment,['unknown']
disney subscription fee,subscription,"['disney', 'subscription', 'fee']"
internet telia bill january,utilities,"['internet', 'tel', '##ia', 'bill', 'january']"
rent february transfer eur,rent,"['rent', 'february', 'transfer', 'eu', '##r']"
netflix subscription payment,subscription,"['netflix', 'subscription', 'payment']"
restaurant transfer,entertainment,"['restaurant', 'transfer']"
mobile enefit bill december,utilities,"['mobile', 'en', '##ef', '##it', 'bill', 'december']"
coop groceries payment,groceries,"['coop', 'groceries', 'payment']"
internet elisa bill august,utilities,"['internet', 'elisa', 'bill', 'august']"
internet utilityco bill september,utilities,"['internet', 'utility', '##co', 'bill', 'september']"
taxi tartu transfer eur,travel,"['taxi', 'tar', '##tu', 'transfer', 'eu', '##r']"
rent october bill eur,rent,"['rent', 'october', 'bill', 'eu', '##r']"
,rent,[]
train tokyo invoice eur,travel,"['train', 'tokyo', 'in', '##vo', '##ice', 'eu', '##r']"
rent february bill,rent,"['rent', 'february', 'bill']"
google one subscription fee eur,subscription,"['google', 'one', 'subscription', 'fee', 'eu', '##r']"
rent november payment,rent,"['rent', 'november', 'payment']"
taxi berlin invoice,travel,"['taxi', 'berlin', 'in', '##vo', '##ice']"
unknown,other,['unknown']
museum fee eur,entertainment,"['museum', 'fee', 'eu', '##r']"
flight boston payment eur,travel,"['flight', 'boston', 'payment', 'eu', '##r']"
flight london transfer,travel,"['flight', 'london', 'transfer']"
,entertainment,[]
water enefit bill december,utilities,"['water', 'en', '##ef', '##it', 'bill', 'december']"
hotel london bill,travel,"['hotel', 'london', 'bill']"
maxima groceries bill,groceries,"['maxim', '##a', 'groceries', 'bill']"
amazon prime subscription bill,subscription,"['amazon', 'prime', 'subscription', 'bill']"
general expense bill eur,other,"['general', 'expense', 'bill', 'eu', '##r']"
mobile enefit bill january eur,utilities,"['mobile', 'en', '##ef', '##it', 'bill', 'january', 'eu', '##r']"
hotel boston payment,travel,"['hotel', 'boston', 'payment']"
mobile utilityco bill october,utilities,"['mobile', 'utility', '##co', 'bill', 'october']"
rent march invoice,rent,"['rent', 'march', 'in', '##vo', '##ice']"
unknown,other,['unknown']
google one subscription fee eur,subscription,"['google', 'one', 'subscription', 'fee', 'eu', '##r']"
unknown,other,['unknown']
taxi berlin transfer,travel,"['taxi', 'berlin', 'transfer']"
,utilities,[]
heating telia bill february,utilities,"['heating', 'tel', '##ia', 'bill', 'february']"
flight london invoice eur,travel,"['flight', 'london', 'in', '##vo', '##ice', 'eu', '##r']"
rent october fee eur,rent,"['rent', 'october', 'fee', 'eu', '##r']"
train helsinki transfer eur,travel,"['train', 'helsinki', 'transfer', 'eu', '##r']"
internet citywater bill may,utilities,"['internet', 'city', '##water', 'bill', 'may']"
selver groceries invoice,groceries,"['se', '##lver', 'groceries', 'in', '##vo', '##ice']"
rent april fee eur,rent,"['rent', 'april', 'fee', 'eu', '##r']"
museum invoice eur,entertainment,"['museum', 'in', '##vo', '##ice', 'eu', '##r']"
mobile enefit bill august,utilities,"['mobile', 'en', '##ef', '##it', 'bill', 'august']"
unexpected expense fee,other,"['unexpected', 'expense', 'fee']"
,subscription,[]
microsoft subscription transfer,subscription,"['microsoft', 'subscription', 'transfer']"
wolt market groceries payment,groceries,"['wo', '##lt', 'market', 'groceries', 'payment']"
hotel tartu fee,travel,"['hotel', 'tar', '##tu', 'fee']"
coop groceries transfer eur,groceries,"['coop', 'groceries', 'transfer', 'eu', '##r']"
wolt market groceries transfer eur,groceries,"['wo', '##lt', 'market', 'groceries', 'transfer', 'eu', '##r']"
unexpected expense bill,other,"['unexpected', 'expense', 'bill']"
water enefit bill july,utilities,"['water', 'en', '##ef', '##it', 'bill', 'july']"
electricity telia bill may eur,utilities,"['electricity', 'tel', '##ia', 'bill', 'may', 'eu', '##r']"
general expense fee eur,other,"['general', 'expense', 'fee', 'eu', '##r']"
taxi boston fee,travel,"['taxi', 'boston', 'fee']"
electricity enefit bill march,utilities,"['electricity', 'en', '##ef', '##it', 'bill', 'march']"
unexpected expense invoice eur,other,"['unexpected', 'expense', 'in', '##vo', '##ice', 'eu', '##r']"
flight berlin bill eur,travel,"['flight', 'berlin', 'bill', 'eu', '##r']"
electricity elisa bill june,utilities,"['electricity', 'elisa', 'bill', 'june']"
mobile citywater bill april,utilities,"['mobile', 'city', '##water', 'bill', 'april']"
netflix subscription bill,subscription,"['netflix', 'subscription', 'bill']"
general expense bill eur,other,"['general', 'expense', 'bill', 'eu', '##r']"
apple subscription fee eur,subscription,"['apple', 'subscription', 'fee', 'eu', '##r']"
electricity telia bill october,utilities,"['electricity', 'tel', '##ia', 'bill', 'october']"
misc expense transfer eur,other,"['mis', '##c', 'expense', 'transfer', 'eu', '##r']"
local market groceries fee,groceries,"['local', 'market', 'groceries', 'fee']"
,groceries,[]
misc expense bill eur,other,"['mis', '##c', 'expense', 'bill', 'eu', '##r']"
bolt market groceries transfer,groceries,"['bolt', 'market', 'groceries', 'transfer']"
unknown,groceries,['unknown']
youtube subscription invoice eur,subscription,"['youtube', 'subscription', 'in', '##vo', '##ice', 'eu', '##r']"
tickets fee eur,entertainment,"['tickets', 'fee', 'eu', '##r']"
rent august invoice eur,rent,"['rent', 'august', 'in', '##vo', '##ice', 'eu', '##r']"
flight berlin payment,travel,"['flight', 'berlin', 'payment']"
unknown,subscription,['unknown']
spotify subscription fee,subscription,"['spot', '##ify', 'subscription', 'fee']"
heating utilityco bill july,utilities,"['heating', 'utility', '##co', 'bill', 'july']"
train tokyo transfer,travel,"['train', 'tokyo', 'transfer']"
gas telia bill november,utilities,"['gas', 'tel', '##ia', 'bill', 'november']"
selver groceries fee,groceries,"['se', '##lver', 'groceries', 'fee']"
cinema invoice eur,entertainment,"['cinema', 'in', '##vo', '##ice', 'eu', '##r']"
water elisa bill june,utilities,"['water', 'elisa', 'bill', 'june']"
microsoft subscription fee,subscription,"['microsoft', 'subscription', 'fee']"
electricity elisa bill may,utilities,"['electricity', 'elisa', 'bill', 'may']"
concert invoice,entertainment,"['concert', 'in', '##vo', '##ice']"
restaurant bill,entertainment,"['restaurant', 'bill']"
general expense payment eur,other,"['general', 'expense', 'payment', 'eu', '##r']"
bolt market groceries invoice,groceries,"['bolt', 'market', 'groceries', 'in', '##vo', '##ice']"
mobile elisa bill december eur,utilities,"['mobile', 'elisa', 'bill', 'december', 'eu', '##r']"
flight new york invoice,travel,"['flight', 'new', 'york', 'in', '##vo', '##ice']"
electricity elisa bill december eur,utilities,"['electricity', 'elisa', 'bill', 'december', 'eu', '##r']"
google one subscription invoice eur,subscription,"['google', 'one', 'subscription', 'in', '##vo', '##ice', 'eu', '##r']"
mobile enefit bill june eur,utilities,"['mobile', 'en', '##ef', '##it', 'bill', 'june', 'eu', '##r']"
general expense bill eur,other,"['general', 'expense', 'bill', 'eu', '##r']"
rent march bill eur,rent,"['rent', 'march', 'bill', 'eu', '##r']"
microsoft subscription payment eur,subscription,"['microsoft', 'subscription', 'payment', 'eu', '##r']"
electricity telia bill may eur,utilities,"['electricity', 'tel', '##ia', 'bill', 'may', 'eu', '##r']"
restaurant invoice,entertainment,"['restaurant', 'in', '##vo', '##ice']"
unexpected expense invoice,other,"['unexpected', 'expense', 'in', '##vo', '##ice']"
maxima groceries payment,groceries,"['maxim', '##a', 'groceries', 'payment']"
prisma groceries payment,groceries,"['prism', '##a', 'groceries', 'payment']"
internet citywater bill january,utilities,"['internet', 'city', '##water', 'bill', 'january']"
lidl groceries fee,groceries,"['lid', '##l', 'groceries', 'fee']"
hotel paris fee eur,travel,"['hotel', 'paris', 'fee', 'eu', '##r']"
aldi groceries transfer eur,groceries,"['al', '##di', 'groceries', 'transfer', 'eu', '##r']"
train paris invoice,travel,"['train', 'paris', 'in', '##vo', '##ice']"
spotify subscription payment eur,subscription,"['spot', '##ify', 'subscription', 'payment', 'eu', '##r']"
aldi groceries bill,groceries,"['al', '##di', 'groceries', 'bill']"
unknown,subscription,['unknown']
concert payment eur,entertainment,"['concert', 'payment', 'eu', '##r']"
rent december bill eur,rent,"['rent', 'december', 'bill', 'eu', '##r']"
flight helsinki invoice,travel,"['flight', 'helsinki', 'in', '##vo', '##ice']"
train paris fee eur,travel,"['train', 'paris', 'fee', 'eu', '##r']"
flight tokyo transfer,travel,"['flight', 'tokyo', 'transfer']"
gas telia bill february,utilities,"['gas', 'tel', '##ia', 'bill', 'february']"
online store groceries bill,groceries,"['online', 'store', 'groceries', 'bill']"
electricity enefit bill may eur,utilities,"['electricity', 'en', '##ef', '##it', 'bill', 'may', 'eu', '##r']"
bolt market groceries transfer eur,groceries,"['bolt', 'market', 'groceries', 'transfer', 'eu', '##r']"
heating enefit bill march,utilities,"['heating', 'en', '##ef', '##it', 'bill', 'march']"
bolt market groceries invoice,groceries,"['bolt', 'market', 'groceries', 'in', '##vo', '##ice']"
electricity utilityco bill november,utilities,"['electricity', 'utility', '##co', 'bill', 'november']"
train new york fee,travel,"['train', 'new', 'york', 'fee']"
gas elisa bill july,utilities,"['gas', 'elisa', 'bill', 'july']"
unknown,rent,['unknown']
rent august invoice,rent,"['rent', 'august', 'in', '##vo', '##ice']"
concert bill,entertainment,"['concert', 'bill']"
general expense transfer eur,other,"['general', 'expense', 'transfer', 'eu', '##r']"
mobile telia bill may,utilities,"['mobile', 'tel', '##ia', 'bill', 'may']"
selver groceries fee eur,groceries,"['se', '##lver', 'groceries', 'fee', 'eu', '##r']"
hotel paris bill,travel,"['hotel', 'paris', 'bill']"
concert fee,entertainment,"['concert', 'fee']"
aldi groceries fee,groceries,"['al', '##di', 'groceries', 'fee']"
mobile enefit bill february,utilities,"['mobile', 'en', '##ef', '##it', 'bill', 'february']"
train boston payment eur,travel,"['train', 'boston', 'payment', 'eu', '##r']"
hotel london transfer,travel,"['hotel', 'london', 'transfer']"
,travel,[]
youtube subscription fee,subscription,"['youtube', 'subscription', 'fee']"
taxi tallinn invoice eur,travel,"['taxi', 'tallinn', 'in', '##vo', '##ice', 'eu', '##r']"
water enefit bill february,utilities,"['water', 'en', '##ef', '##it', 'bill', 'february']"
heating telia bill december,utilities,"['heating', 'tel', '##ia', 'bill', 'december']"
cinema transfer eur,entertainment,"['cinema', 'transfer', 'eu', '##r']"
taxi tokyo transfer eur,travel,"['taxi', 'tokyo', 'transfer', 'eu', '##r']"
microsoft subscription fee eur,subscription,"['microsoft', 'subscription', 'fee', 'eu', '##r']"
gas citywater bill october,utilities,"['gas', 'city', '##water', 'bill', 'october']"
selver groceries transfer,groceries,"['se', '##lver', 'groceries', 'transfer']"
restaurant bill eur,entertainment,"['restaurant', 'bill', 'eu', '##r']"
rent january fee eur,rent,"['rent', 'january', 'fee', 'eu', '##r']"
museum transfer eur,entertainment,"['museum', 'transfer', 'eu', '##r']"
bolt market groceries bill eur,groceries,"['bolt', 'market', 'groceries', 'bill', 'eu', '##r']"
microsoft subscription invoice,subscription,"['microsoft', 'subscription', 'in', '##vo', '##ice']"
flight boston invoice eur,travel,"['flight', 'boston', 'in', '##vo', '##ice', 'eu', '##r']"
unknown,utilities,['unknown']
rent august payment eur,rent,"['rent', 'august', 'payment', 'eu', '##r']"
rent july payment eur,rent,"['rent', 'july', 'payment', 'eu', '##r']"
cinema invoice eur,entertainment,"['cinema', 'in', '##vo', '##ice', 'eu', '##r']"
adobe subscription payment eur,subscription,"['adobe', 'subscription', 'payment', 'eu', '##r']"
youtube subscription invoice,subscription,"['youtube', 'subscription', 'in', '##vo', '##ice']"
,utilities,[]
rent june bill,rent,"['rent', 'june', 'bill']"
rent december transfer,rent,"['rent', 'december', 'transfer']"
train new york invoice,travel,"['train', 'new', 'york', 'in', '##vo', '##ice']"
online store groceries fee,groceries,"['online', 'store', 'groceries', 'fee']"
mobile citywater bill october eur,utilities,"['mobile', 'city', '##water', 'bill', 'october', 'eu', '##r']"
netflix subscription transfer eur,subscription,"['netflix', 'subscription', 'transfer', 'eu', '##r']"
restaurant payment eur,entertainment,"['restaurant', 'payment', 'eu', '##r']"
restaurant fee,entertainment,"['restaurant', 'fee']"
internet citywater bill november,utilities,"['internet', 'city', '##water', 'bill', 'november']"
unknown,utilities,['unknown']
unknown,subscription,['unknown']
rent august payment,rent,"['rent', 'august', 'payment']"
amazon prime subscription transfer,subscription,"['amazon', 'prime', 'subscription', 'transfer']"
water utilityco bill may eur,utilities,"['water', 'utility', '##co', 'bill', 'may', 'eu', '##r']"
heating enefit bill february,utilities,"['heating', 'en', '##ef', '##it', 'bill', 'february']"
rent may invoice,rent,"['rent', 'may', 'in', '##vo', '##ice']"
unexpected expense bill eur,other,"['unexpected', 'expense', 'bill', 'eu', '##r']"
rent january transfer,rent,"['rent', 'january', 'transfer']"
gas enefit bill september,utilities,"['gas', 'en', '##ef', '##it', 'bill', 'september']"
mobile utilityco bill july,utilities,"['mobile', 'utility', '##co', 'bill', 'july']"
unknown,travel,['unknown']
adobe subscription fee,subscription,"['adobe', 'subscription', 'fee']"
local market groceries fee,groceries,"['local', 'market', 'groceries', 'fee']"
netflix subscription payment,subscription,"['netflix', 'subscription', 'payment']"
internet elisa bill march,utilities,"['internet', 'elisa', 'bill', 'march']"
train tartu transfer eur,travel,"['train', 'tar', '##tu', 'transfer', 'eu', '##r']"
tickets transfer,entertainment,"['tickets', 'transfer']"
prisma groceries bill,groceries,"['prism', '##a', 'groceries', 'bill']"
flight riga fee,travel,"['flight', 'riga', 'fee']"
youtube subscription invoice,subscription,"['youtube', 'subscription', 'in', '##vo', '##ice']"
rent july payment,rent,"['rent', 'july', 'payment']"
disney subscription fee eur,subscription,"['disney', 'subscription', 'fee', 'eu', '##r']"
internet citywater bill november eur,utilities,"['internet', 'city', '##water', 'bill', 'november', 'eu', '##r']"
flight riga transfer eur,travel,"['flight', 'riga', 'transfer', 'eu', '##r']"
rent february fee eur,rent,"['rent', 'february', 'fee', 'eu', '##r']"
taxi berlin payment,travel,"['taxi', 'berlin', 'payment']"
rent january fee eur,rent,"['rent', 'january', 'fee', 'eu', '##r']"
electricity elisa bill april,utilities,"['electricity', 'elisa', 'bill', 'april']"
local market groceries transfer eur,groceries,"['local', 'market', 'groceries', 'transfer', 'eu', '##r']"
concert fee,entertainment,"['concert', 'fee']"
aldi groceries invoice,groceries,"['al', '##di', 'groceries', 'in', '##vo', '##ice']"
lidl groceries payment,groceries,"['lid', '##l', 'groceries', 'payment']"
cinema bill eur,entertainment,"['cinema', 'bill', 'eu', '##r']"
rent july transfer,rent,"['rent', 'july', 'transfer']"
heating utilityco bill march,utilities,"['heating', 'utility', '##co', 'bill', 'march']"
rent march bill,rent,"['rent', 'march', 'bill']"
local market groceries bill eur,groceries,"['local', 'market', 'groceries', 'bill', 'eu', '##r']"
tickets invoice eur,entertainment,"['tickets', 'in', '##vo', '##ice', 'eu', '##r']"
unknown,utilities,['unknown']
rent november payment,rent,"['rent', 'november', 'payment']"
flight london payment,travel,"['flight', 'london', 'payment']"
concert payment,entertainment,"['concert', 'payment']"
heating elisa bill february eur,utilities,"['heating', 'elisa', 'bill', 'february', 'eu', '##r']"
heating citywater bill july,utilities,"['heating', 'city', '##water', 'bill', 'july']"
youtube subscription bill,subscription,"['youtube', 'subscription', 'bill']"
gas enefit bill july,utilities,"['gas', 'en', '##ef', '##it', 'bill', 'july']"
online store groceries transfer eur,groceries,"['online', 'store', 'groceries', 'transfer', 'eu', '##r']"
unknown,subscription,['unknown']
unexpected expense bill eur,other,"['unexpected', 'expense', 'bill', 'eu', '##r']"
youtube subscription fee,subscription,"['youtube', 'subscription', 'fee']"
aldi groceries bill,groceries,"['al', '##di', 'groceries', 'bill']"
rent january bill eur,rent,"['rent', 'january', 'bill', 'eu', '##r']"
amazon prime subscription transfer eur,subscription,"['amazon', 'prime', 'subscription', 'transfer', 'eu', '##r']"
electricity telia bill february,utilities,"['electricity', 'tel', '##ia', 'bill', 'february']"
adobe subscription bill,subscription,"['adobe', 'subscription', 'bill']"
hotel tokyo fee eur,travel,"['hotel', 'tokyo', 'fee', 'eu', '##r']"
misc expense transfer eur,other,"['mis', '##c', 'expense', 'transfer', 'eu', '##r']"
cinema payment,entertainment,"['cinema', 'payment']"
unexpected expense transfer eur,other,"['unexpected', 'expense', 'transfer', 'eu', '##r']"
microsoft subscription bill,subscription,"['microsoft', 'subscription', 'bill']"
misc expense invoice eur,other,"['mis', '##c', 'expense', 'in', '##vo', '##ice', 'eu', '##r']"
hotel tallinn invoice,travel,"['hotel', 'tallinn', 'in', '##vo', '##ice']"
rent june fee eur,rent,"['rent', 'june', 'fee', 'eu', '##r']"
gas elisa bill april,utilities,"['gas', 'elisa', 'bill', 'april']"
gas citywater bill november,utilities,"['gas', 'city', '##water', 'bill', 'november']"
hotel riga fee,travel,"['hotel', 'riga', 'fee']"
gas citywater bill october eur,utilities,"['gas', 'city', '##water', 'bill', 'october', 'eu', '##r']"
taxi riga invoice,travel,"['taxi', 'riga', 'in', '##vo', '##ice']"
rent march invoice eur,rent,"['rent', 'march', 'in', '##vo', '##ice', 'eu', '##r']"
gas elisa bill october,utilities,"['gas', 'elisa', 'bill', 'october']"
gas elisa bill march,utilities,"['gas', 'elisa', 'bill', 'march']"
gas citywater bill september eur,utilities,"['gas', 'city', '##water', 'bill', 'september', 'eu', '##r']"
rimi groceries transfer eur,groceries,"['rim', '##i', 'groceries', 'transfer', 'eu', '##r']"
rent september payment,rent,"['rent', 'september', 'payment']"
gas enefit bill march,utilities,"['gas', 'en', '##ef', '##it', 'bill', 'march']"
rent march fee,rent,"['rent', 'march', 'fee']"
,rent,[]
internet telia bill may,utilities,"['internet', 'tel', '##ia', 'bill', 'may']"
unexpected expense payment,other,"['unexpected', 'expense', 'payment']"
tickets payment eur,entertainment,"['tickets', 'payment', 'eu', '##r']"
netflix subscription bill eur,subscription,"['netflix', 'subscription', 'bill', 'eu', '##r']"
mobile citywater bill september,utilities,"['mobile', 'city', '##water', 'bill', 'september']"
wolt market groceries fee eur,groceries,"['wo', '##lt', 'market', 'groceries', 'fee', 'eu', '##r']"
rent june payment,rent,"['rent', 'june', 'payment']"
aldi groceries payment,groceries,"['al', '##di', 'groceries', 'payment']"
hotel helsinki transfer,travel,"['hotel', 'helsinki', 'transfer']"
rent april fee eur,rent,"['rent', 'april', 'fee', 'eu', '##r']"
,other,[]
concert bill,entertainment,"['concert', 'bill']"
spar groceries fee,groceries,"['spa', '##r', 'groceries', 'fee']"
water citywater bill september,utilities,"['water', 'city', '##water', 'bill', 'september']"
flight berlin transfer eur,travel,"['flight', 'berlin', 'transfer', 'eu', '##r']"
general expense transfer eur,other,"['general', 'expense', 'transfer', 'eu', '##r']"
local market groceries invoice,groceries,"['local', 'market', 'groceries', 'in', '##vo', '##ice']"
disney subscription transfer,subscription,"['disney', 'subscription', 'transfer']"
lidl groceries payment,groceries,"['lid', '##l', 'groceries', 'payment']"
gas telia bill january,utilities,"['gas', 'tel', '##ia', 'bill', 'january']"
rent december invoice,rent,"['rent', 'december', 'in', '##vo', '##ice']"
rent february fee,rent,"['rent', 'february', 'fee']"
heating citywater bill september,utilities,"['heating', 'city', '##water', 'bill', 'september']"
rimi groceries invoice,groceries,"['rim', '##i', 'groceries', 'in', '##vo', '##ice']"
lidl groceries invoice,groceries,"['lid', '##l', 'groceries', 'in', '##vo', '##ice']"
unexpected expense fee,other,"['unexpected', 'expense', 'fee']"
online store groceries fee eur,groceries,"['online', 'store', 'groceries', 'fee', 'eu', '##r']"
aldi groceries fee eur,groceries,"['al', '##di', 'groceries', 'fee', 'eu', '##r']"
rent april fee,rent,"['rent', 'april', 'fee']"
hotel helsinki fee,travel,"['hotel', 'helsinki', 'fee']"
misc expense transfer eur,other,"['mis', '##c', 'expense', 'transfer', 'eu', '##r']"
unknown,subscription,['unknown']
misc expense fee eur,other,"['mis', '##c', 'expense', 'fee', 'eu', '##r']"
rent june transfer,rent,"['rent', 'june', 'transfer']"
hotel paris invoice,travel,"['hotel', 'paris', 'in', '##vo', '##ice']"
amazon prime subscription payment eur,subscription,"['amazon', 'prime', 'subscription', 'payment', 'eu', '##r']"
flight tokyo transfer eur,travel,"['flight', 'tokyo', 'transfer', 'eu', '##r']"
unexpected expense fee eur,other,"['unexpected', 'expense', 'fee', 'eu', '##r']"
rent july fee,rent,"['rent', 'july', 'fee']"
rent february invoice,rent,"['rent', 'february', 'in', '##vo', '##ice']"
cinema invoice eur,entertainment,"['cinema', 'in', '##vo', '##ice', 'eu', '##r']"
rent february transfer,rent,"['rent', 'february', 'transfer']"
electricity enefit bill may,utilities,"['electricity', 'en', '##ef', '##it', 'bill', 'may']"
wolt market groceries invoice,groceries,"['wo', '##lt', 'market', 'groceries', 'in', '##vo', '##ice']"
mobile citywater bill december,utilities,"['mobile', 'city', '##water', 'bill', 'december']"
mobile citywater bill december eur,utilities,"['mobile', 'city', '##water', 'bill', 'december', 'eu', '##r']"
train helsinki invoice,travel,"['train', 'helsinki', 'in', '##vo', '##ice']"
general expense invoice,other,"['general', 'expense', 'in', '##vo', '##ice']"
gas utilityco bill november eur,utilities,"['gas', 'utility', '##co', 'bill', 'november', 'eu', '##r']"
unexpected expense bill eur,other,"['unexpected', 'expense', 'bill', 'eu', '##r']"
gas utilityco bill december,utilities,"['gas', 'utility', '##co', 'bill', 'december']"
internet utilityco bill december,utilities,"['internet', 'utility', '##co', 'bill', 'december']"
misc expense transfer eur,other,"['mis', '##c', 'expense', 'transfer', 'eu', '##r']"
apple subscription fee,subscription,"['apple', 'subscription', 'fee']"
gas telia bill august eur,utilities,"['gas', 'tel', '##ia', 'bill', 'august', 'eu', '##r']"
general expense payment eur,other,"['general', 'expense', 'payment', 'eu', '##r']"
museum invoice,entertainment,"['museum', 'in', '##vo', '##ice']"
google one subscription invoice eur,subscription,"['google', 'one', 'subscription', 'in', '##vo', '##ice', 'eu', '##r']"
general expense transfer eur,other,"['general', 'expense', 'transfer', 'eu', '##r']"
selver groceries bill,groceries,"['se', '##lver', 'groceries', 'bill']"
spar groceries payment,groceries,"['spa', '##r', 'groceries', 'payment']"
,entertainment,[]
apple subscription bill eur,subscription,"['apple', 'subscription', 'bill', 'eu', '##r']"
netflix subscription transfer,subscription,"['netflix', 'subscription', 'transfer']"
rent march payment,rent,"['rent', 'march', 'payment']"
spotify subscription fee eur,subscription,"['spot', '##ify', 'subscription', 'fee', 'eu', '##r']"
train tallinn payment eur,travel,"['train', 'tallinn', 'payment', 'eu', '##r']"
flight tartu transfer,travel,"['flight', 'tar', '##tu', 'transfer']"
rent july bill,rent,"['rent', 'july', 'bill']"
tickets bill,entertainment,"['tickets', 'bill']"
spotify subscription payment eur,subscription,"['spot', '##ify', 'subscription', 'payment', 'eu', '##r']"
restaurant fee,entertainment,"['restaurant', 'fee']"
rent november invoice,rent,"['rent', 'november', 'in', '##vo', '##ice']"
misc expense transfer,other,"['mis', '##c', 'expense', 'transfer']"
rent february bill eur,rent,"['rent', 'february', 'bill', 'eu', '##r']"
rent march transfer,rent,"['rent', 'march', 'transfer']"
water telia bill june eur,utilities,"['water', 'tel', '##ia', 'bill', 'june', 'eu', '##r']"
hotel berlin payment,travel,"['hotel', 'berlin', 'payment']"
amazon prime subscription payment,subscription,"['amazon', 'prime', 'subscription', 'payment']"
museum fee eur,entertainment,"['museum', 'fee', 'eu', '##r']"
rent september payment eur,rent,"['rent', 'september', 'payment', 'eu', '##r']"
mobile enefit bill december,utilities,"['mobile', 'en', '##ef', '##it', 'bill', 'december']"
general expense transfer eur,other,"['general', 'expense', 'transfer', 'eu', '##r']"
train berlin bill eur,travel,"['train', 'berlin', 'bill', 'eu', '##r']"
unknown,travel,['unknown']
hulu subscription transfer,subscription,"['hu', '##lu', 'subscription', 'transfer']"
museum payment eur,entertainment,"['museum', 'payment', 'eu', '##r']"
disney subscription payment eur,subscription,"['disney', 'subscription', 'payment', 'eu', '##r']"
flight paris transfer,travel,"['flight', 'paris', 'transfer']"
taxi paris bill eur,travel,"['taxi', 'paris', 'bill', 'eu', '##r']"
rent april payment,rent,"['rent', 'april', 'payment']"
electricity elisa bill april,utilities,"['electricity', 'elisa', 'bill', 'april']"
museum fee eur,entertainment,"['museum', 'fee', 'eu', '##r']"
unexpected expense fee eur,other,"['unexpected', 'expense', 'fee', 'eu', '##r']"
rent february invoice eur,rent,"['rent', 'february', 'in', '##vo', '##ice', 'eu', '##r']"
general expense invoice,other,"['general', 'expense', 'in', '##vo', '##ice']"
unknown,rent,['unknown']
maxima groceries transfer,groceries,"['maxim', '##a', 'groceries', 'transfer']"
train riga fee,travel,"['train', 'riga', 'fee']"
concert transfer eur,entertainment,"['concert', 'transfer', 'eu', '##r']"
mobile elisa bill october,utilities,"['mobile', 'elisa', 'bill', 'october']"
electricity telia bill may eur,utilities,"['electricity', 'tel', '##ia', 'bill', 'may', 'eu', '##r']"
rent october payment,rent,"['rent', 'october', 'payment']"
microsoft subscription transfer,subscription,"['microsoft', 'subscription', 'transfer']"
spotify subscription payment,subscription,"['spot', '##ify', 'subscription', 'payment']"
spotify subscription bill,subscription,"['spot', '##ify', 'subscription', 'bill']"
museum invoice,entertainment,"['museum', 'in', '##vo', '##ice']"
unexpected expense invoice eur,other,"['unexpected', 'expense', 'in', '##vo', '##ice', 'eu', '##r']"
spotify subscription transfer eur,subscription,"['spot', '##ify', 'subscription', 'transfer', 'eu', '##r']"
unknown,groceries,['unknown']
rent february invoice eur,rent,"['rent', 'february', 'in', '##vo', '##ice', 'eu', '##r']"
flight helsinki fee,travel,"['flight', 'helsinki', 'fee']"
flight berlin invoice eur,travel,"['flight', 'berlin', 'in', '##vo', '##ice', 'eu', '##r']"
unexpected expense transfer eur,other,"['unexpected', 'expense', 'transfer', 'eu', '##r']"
disney subscription invoice eur,subscription,"['disney', 'subscription', 'in', '##vo', '##ice', 'eu', '##r']"
general expense bill,other,"['general', 'expense', 'bill']"
hotel tartu bill,travel,"['hotel', 'tar', '##tu', 'bill']"
taxi riga bill,travel,"['taxi', 'riga', 'bill']"
general expense invoice eur,other,"['general', 'expense', 'in', '##vo', '##ice', 'eu', '##r']"
train tartu bill eur,travel,"['train', 'tar', '##tu', 'bill', 'eu', '##r']"
coop groceries bill,groceries,"['coop', 'groceries', 'bill']"
unknown,other,['unknown']
rent january payment,rent,"['rent', 'january', 'payment']"
electricity elisa bill march eur,utilities,"['electricity', 'elisa', 'bill', 'march', 'eu', '##r']"
tickets invoice eur,entertainment,"['tickets', 'in', '##vo', '##ice', 'eu', '##r']"
bolt market groceries payment,groceries,"['bolt', 'market', 'groceries', 'payment']"
train helsinki payment,travel,"['train', 'helsinki', 'payment']"
unknown,other,['unknown']
hotel tartu payment eur,travel,"['hotel', 'tar', '##tu', 'payment', 'eu', '##r']"
general expense bill eur,other,"['general', 'expense', 'bill', 'eu', '##r']"
rent september payment eur,rent,"['rent', 'september', 'payment', 'eu', '##r']"
concert fee eur,entertainment,"['concert', 'fee', 'eu', '##r']"
apple subscription bill,subscription,"['apple', 'subscription', 'bill']"
tickets invoice eur,entertainment,"['tickets', 'in', '##vo', '##ice', 'eu', '##r']"
online store groceries payment,groceries,"['online', 'store', 'groceries', 'payment']"
amazon prime subscription fee eur,subscription,"['amazon', 'prime', 'subscription', 'fee', 'eu', '##r']"
local market groceries transfer,groceries,"['local', 'market', 'groceries', 'transfer']"
heating elisa bill august,utilities,"['heating', 'elisa', 'bill', 'august']"
train tallinn invoice eur,travel,"['train', 'tallinn', 'in', '##vo', '##ice', 'eu', '##r']"
tickets fee,entertainment,"['tickets', 'fee']"
water telia bill october,utilities,"['water', 'tel', '##ia', 'bill', 'october']"
hotel berlin invoice,travel,"['hotel', 'berlin', 'in', '##vo', '##ice']"
youtube subscription payment eur,subscription,"['youtube', 'subscription', 'payment', 'eu', '##r']"
museum fee eur,entertainment,"['museum', 'fee', 'eu', '##r']"
spar groceries bill,groceries,"['spa', '##r', 'groceries', 'bill']"
taxi riga fee eur,travel,"['taxi', 'riga', 'fee', 'eu', '##r']"
general expense payment,other,"['general', 'expense', 'payment']"
misc expense invoice,other,"['mis', '##c', 'expense', 'in', '##vo', '##ice']"
mobile elisa bill september,utilities,"['mobile', 'elisa', 'bill', 'september']"
mobile utilityco bill september,utilities,"['mobile', 'utility', '##co', 'bill', 'september']"
unknown,utilities,['unknown']
selver groceries bill eur,groceries,"['se', '##lver', 'groceries', 'bill', 'eu', '##r']"
concert transfer,entertainment,"['concert', 'transfer']"
mobile enefit bill september,utilities,"['mobile', 'en', '##ef', '##it', 'bill', 'september']"
apple subscription payment eur,subscription,"['apple', 'subscription', 'payment', 'eu', '##r']"
disney subscription fee eur,subscription,"['disney', 'subscription', 'fee', 'eu', '##r']"
disney subscription transfer eur,subscription,"['disney', 'subscription', 'transfer', 'eu', '##r']"
unknown,subscription,['unknown']
heating utilityco bill august,utilities,"['heating', 'utility', '##co', 'bill', 'august']"
rent february fee,rent,"['rent', 'february', 'fee']"
rent april transfer,rent,"['rent', 'april', 'transfer']"
hotel tallinn fee,travel,"['hotel', 'tallinn', 'fee']"
heating utilityco bill january,utilities,"['heating', 'utility', '##co', 'bill', 'january']"
taxi riga fee,travel,"['taxi', 'riga', 'fee']"
rent may invoice,rent,"['rent', 'may', 'in', '##vo', '##ice']"
,utilities,[]
unknown,rent,['unknown']
unknown,subscription,['unknown']
water utilityco bill august,utilities,"['water', 'utility', '##co', 'bill', 'august']"
netflix subscription transfer,subscription,"['netflix', 'subscription', 'transfer']"
internet telia bill june,utilities,"['internet', 'tel', '##ia', 'bill', 'june']"
museum bill eur,entertainment,"['museum', 'bill', 'eu', '##r']"
flight tokyo bill eur,travel,"['flight', 'tokyo', 'bill', 'eu', '##r']"
unknown,travel,['unknown']
rimi groceries fee eur,groceries,"['rim', '##i', 'groceries', 'fee', 'eu', '##r']"
rimi groceries invoice,groceries,"['rim', '##i', 'groceries', 'in', '##vo', '##ice']"
hotel berlin invoice eur,travel,"['hotel', 'berlin', 'in', '##vo', '##ice', 'eu', '##r']"
unknown,other,['unknown']
flight new york bill,travel,"['flight', 'new', 'york', 'bill']"
water utilityco bill july,utilities,"['water', 'utility', '##co', 'bill', 'july']"
selver groceries transfer eur,groceries,"['se', '##lver', 'groceries', 'transfer', 'eu', '##r']"
online store groceries bill eur,groceries,"['online', 'store', 'groceries', 'bill', 'eu', '##r']"
water citywater bill february,utilities,"['water', 'city', '##water', 'bill', 'february']"
apple subscription transfer eur,subscription,"['apple', 'subscription', 'transfer', 'eu', '##r']"
taxi london invoice,travel,"['taxi', 'london', 'in', '##vo', '##ice']"
disney subscription fee eur,subscription,"['disney', 'subscription', 'fee', 'eu', '##r']"
unexpected expense payment eur,other,"['unexpected', 'expense', 'payment', 'eu', '##r']"
lidl groceries transfer,groceries,"['lid', '##l', 'groceries', 'transfer']"
cinema bill eur,entertainment,"['cinema', 'bill', 'eu', '##r']"
rent december invoice eur,rent,"['rent', 'december', 'in', '##vo', '##ice', 'eu', '##r']"
hulu subscription bill eur,subscription,"['hu', '##lu', 'subscription', 'bill', 'eu', '##r']"
wolt market groceries fee,groceries,"['wo', '##lt', 'market', 'groceries', 'fee']"
heating enefit bill april eur,utilities,"['heating', 'en', '##ef', '##it', 'bill', 'april', 'eu', '##r']"
,other,[]
flight new york fee eur,travel,"['flight', 'new', 'york', 'fee', 'eu', '##r']"
museum fee,entertainment,"['museum', 'fee']"
rent november invoice eur,rent,"['rent', 'november', 'in', '##vo', '##ice', 'eu', '##r']"
rent july fee,rent,"['rent', 'july', 'fee']"
local market groceries bill,groceries,"['local', 'market', 'groceries', 'bill']"
internet utilityco bill july eur,utilities,"['internet', 'utility', '##co', 'bill', 'july', 'eu', '##r']"
flight berlin invoice eur,travel,"['flight', 'berlin', 'in', '##vo', '##ice', 'eu', '##r']"
restaurant payment,entertainment,"['restaurant', 'payment']"
rent august bill,rent,"['rent', 'august', 'bill']"
unknown,utilities,['unknown']
rent may bill,rent,"['rent', 'may', 'bill']"
unknown,groceries,['unknown']
,entertainment,[]
general expense payment,other,"['general', 'expense', 'payment']"
unexpected expense transfer eur,other,"['unexpected', 'expense', 'transfer', 'eu', '##r']"
online store groceries bill eur,groceries,"['online', 'store', 'groceries', 'bill', 'eu', '##r']"
hulu subscription bill eur,subscription,"['hu', '##lu', 'subscription', 'bill', 'eu', '##r']"
selver groceries bill eur,groceries,"['se', '##lver', 'groceries', 'bill', 'eu', '##r']"
heating utilityco bill october,utilities,"['heating', 'utility', '##co', 'bill', 'october']"
unknown,subscription,['unknown']
heating citywater bill august,utilities,"['heating', 'city', '##water', 'bill', 'august']"
unknown,groceries,['unknown']
youtube subscription transfer eur,subscription,"['youtube', 'subscription', 'transfer', 'eu', '##r']"
rent january fee eur,rent,"['rent', 'january', 'fee', 'eu', '##r']"
concert transfer eur,entertainment,"['concert', 'transfer', 'eu', '##r']"
google one subscription invoice,subscription,"['google', 'one', 'subscription', 'in', '##vo', '##ice']"
flight berlin fee eur,travel,"['flight', 'berlin', 'fee', 'eu', '##r']"
wolt market groceries bill,groceries,"['wo', '##lt', 'market', 'groceries', 'bill']"
taxi tallinn fee,travel,"['taxi', 'tallinn', 'fee']"
apple subscription transfer,subscription,"['apple', 'subscription', 'transfer']"
misc expense bill eur,other,"['mis', '##c', 'expense', 'bill', 'eu', '##r']"
gas elisa bill may,utilities,"['gas', 'elisa', 'bill', 'may']"
rent may transfer,rent,"['rent', 'may', 'transfer']"
mobile utilityco bill may eur,utilities,"['mobile', 'utility', '##co', 'bill', 'may', 'eu', '##r']"
misc expense payment eur,other,"['mis', '##c', 'expense', 'payment', 'eu', '##r']"
unknown,subscription,['unknown']
concert invoice,entertainment,"['concert', 'in', '##vo', '##ice']"
general expense payment eur,other,"['general', 'expense', 'payment', 'eu', '##r']"
cinema transfer,entertainment,"['cinema', 'transfer']"
rimi groceries fee,groceries,"['rim', '##i', 'groceries', 'fee']"
internet citywater bill october,utilities,"['internet', 'city', '##water', 'bill', 'october']"
hotel boston bill,travel,"['hotel', 'boston', 'bill']"
hotel new york bill,travel,"['hotel', 'new', 'york', 'bill']"
unexpected expense transfer eur,other,"['unexpected', 'expense', 'transfer', 'eu', '##r']"
internet utilityco bill january,utilities,"['internet', 'utility', '##co', 'bill', 'january']"
unknown,rent,['unknown']
heating citywater bill september,utilities,"['heating', 'city', '##water', 'bill', 'september']"
rent october fee,rent,"['rent', 'october', 'fee']"
misc expense fee eur,other,"['mis', '##c', 'expense', 'fee', 'eu', '##r']"
rent november bill,rent,"['rent', 'november', 'bill']"
electricity enefit bill august eur,utilities,"['electricity', 'en', '##ef', '##it', 'bill', 'august', 'eu', '##r']"
rent october invoice,rent,"['rent', 'october', 'in', '##vo', '##ice']"
heating utilityco bill march,utilities,"['heating', 'utility', '##co', 'bill', 'march']"
train boston transfer,travel,"['train', 'boston', 'transfer']"
concert invoice eur,entertainment,"['concert', 'in', '##vo', '##ice', 'eu', '##r']"
misc expense invoice,other,"['mis', '##c', 'expense', 'in', '##vo', '##ice']"
rent december bill eur,rent,"['rent', 'december', 'bill', 'eu', '##r']"
heating elisa bill february eur,utilities,"['heating', 'elisa', 'bill', 'february', 'eu', '##r']"
,entertainment,[]
taxi berlin bill eur,travel,"['taxi', 'berlin', 'bill', 'eu', '##r']"
taxi tallinn invoice eur,travel,"['taxi', 'tallinn', 'in', '##vo', '##ice', 'eu', '##r']"
misc expense bill,other,"['mis', '##c', 'expense', 'bill']"
amazon prime subscription transfer eur,subscription,"['amazon', 'prime', 'subscription', 'transfer', 'eu', '##r']"
mobile enefit bill march,utilities,"['mobile', 'en', '##ef', '##it', 'bill', 'march']"
hotel boston fee,travel,"['hotel', 'boston', 'fee']"
unexpected expense invoice eur,other,"['unexpected', 'expense', 'in', '##vo', '##ice', 'eu', '##r']"
train riga transfer,travel,"['train', 'riga', 'transfer']"
hulu subscription invoice,subscription,"['hu', '##lu', 'subscription', 'in', '##vo', '##ice']"
prisma groceries fee,groceries,"['prism', '##a', 'groceries', 'fee']"
netflix subscription payment eur,subscription,"['netflix', 'subscription', 'payment', 'eu', '##r']"
rent june fee eur,rent,"['rent', 'june', 'fee', 'eu', '##r']"
hotel new york invoice,travel,"['hotel', 'new', 'york', 'in', '##vo', '##ice']"
gas utilityco bill may,utilities,"['gas', 'utility', '##co', 'bill', 'may']"
bolt market groceries bill eur,groceries,"['bolt', 'market', 'groceries', 'bill', 'eu', '##r']"
wolt market groceries fee,groceries,"['wo', '##lt', 'market', 'groceries', 'fee']"
concert transfer eur,entertainment,"['concert', 'transfer', 'eu', '##r']"
train helsinki invoice eur,travel,"['train', 'helsinki', 'in', '##vo', '##ice', 'eu', '##r']"
internet utilityco bill march,utilities,"['internet', 'utility', '##co', 'bill', 'march']"
google one subscription transfer,subscription,"['google', 'one', 'subscription', 'transfer']"
train helsinki payment eur,travel,"['train', 'helsinki', 'payment', 'eu', '##r']"
mobile utilityco bill july eur,utilities,"['mobile', 'utility', '##co', 'bill', 'july', 'eu', '##r']"
electricity citywater bill february,utilities,"['electricity', 'city', '##water', 'bill', 'february']"
,subscription,[]
,rent,[]
adobe subscription invoice,subscription,"['adobe', 'subscription', 'in', '##vo', '##ice']"
train boston payment,travel,"['train', 'boston', 'payment']"
heating elisa bill january,utilities,"['heating', 'elisa', 'bill', 'january']"
tickets payment,entertainment,"['tickets', 'payment']"
unexpected expense bill,other,"['unexpected', 'expense', 'bill']"
microsoft subscription invoice,subscription,"['microsoft', 'subscription', 'in', '##vo', '##ice']"
hotel tokyo invoice,travel,"['hotel', 'tokyo', 'in', '##vo', '##ice']"
general expense invoice eur,other,"['general', 'expense', 'in', '##vo', '##ice', 'eu', '##r']"
rent may invoice eur,rent,"['rent', 'may', 'in', '##vo', '##ice', 'eu', '##r']"
flight riga invoice,travel,"['flight', 'riga', 'in', '##vo', '##ice']"
cinema bill,entertainment,"['cinema', 'bill']"
mobile enefit bill april,utilities,"['mobile', 'en', '##ef', '##it', 'bill', 'april']"
rent august payment,rent,"['rent', 'august', 'payment']"
flight london fee eur,travel,"['flight', 'london', 'fee', 'eu', '##r']"
,groceries,[]
unknown,utilities,['unknown']
mobile enefit bill august eur,utilities,"['mobile', 'en', '##ef', '##it', 'bill', 'august', 'eu', '##r']"
water utilityco bill june,utilities,"['water', 'utility', '##co', 'bill', 'june']"
unknown,travel,['unknown']
disney subscription fee,subscription,"['disney', 'subscription', 'fee']"
aldi groceries transfer,groceries,"['al', '##di', 'groceries', 'transfer']"
rent march fee eur,rent,"['rent', 'march', 'fee', 'eu', '##r']"
lidl groceries fee eur,groceries,"['lid', '##l', 'groceries', 'fee', 'eu', '##r']"
unexpected expense transfer,other,"['unexpected', 'expense', 'transfer']"
rimi groceries fee eur,groceries,"['rim', '##i', 'groceries', 'fee', 'eu', '##r']"
train berlin bill,travel,"['train', 'berlin', 'bill']"
rent july payment eur,rent,"['rent', 'july', 'payment', 'eu', '##r']"
,rent,[]
unknown,travel,['unknown']
google one subscription payment eur,subscription,"['google', 'one', 'subscription', 'payment', 'eu', '##r']"
concert bill eur,entertainment,"['concert', 'bill', 'eu', '##r']"
unexpected expense payment,other,"['unexpected', 'expense', 'payment']"
spotify subscription invoice,subscription,"['spot', '##ify', 'subscription', 'in', '##vo', '##ice']"
mobile telia bill december,utilities,"['mobile', 'tel', '##ia', 'bill', 'december']"
water elisa bill october,utilities,"['water', 'elisa', 'bill', 'october']"
train london transfer,travel,"['train', 'london', 'transfer']"
local market groceries invoice eur,groceries,"['local', 'market', 'groceries', 'in', '##vo', '##ice', 'eu', '##r']"
general expense payment eur,other,"['general', 'expense', 'payment', 'eu', '##r']"
flight boston invoice,travel,"['flight', 'boston', 'in', '##vo', '##ice']"
rent october fee,rent,"['rent', 'october', 'fee']"
rent august bill eur,rent,"['rent', 'august', 'bill', 'eu', '##r']"
gas enefit bill april,utilities,"['gas', 'en', '##ef', '##it', 'bill', 'april']"
taxi tallinn bill,travel,"['taxi', 'tallinn', 'bill']"
rent february bill eur,rent,"['rent', 'february', 'bill', 'eu', '##r']"
gas telia bill june eur,utilities,"['gas', 'tel', '##ia', 'bill', 'june', 'eu', '##r']"
amazon prime subscription payment eur,subscription,"['amazon', 'prime', 'subscription', 'payment', 'eu', '##r']"
hotel riga transfer,travel,"['hotel', 'riga', 'transfer']"
disney subscription payment,subscription,"['disney', 'subscription', 'payment']"
train tartu invoice,travel,"['train', 'tar', '##tu', 'in', '##vo', '##ice']"
hotel boston transfer,travel,"['hotel', 'boston', 'transfer']"
,utilities,[]
train riga bill,travel,"['train', 'riga', 'bill']"
train tokyo payment,travel,"['train', 'tokyo', 'payment']"
internet elisa bill june,utilities,"['internet', 'elisa', 'bill', 'june']"
taxi tokyo fee eur,travel,"['taxi', 'tokyo', 'fee', 'eu', '##r']"
flight paris invoice,travel,"['flight', 'paris', 'in', '##vo', '##ice']"
spar groceries transfer eur,groceries,"['spa', '##r', 'groceries', 'transfer', 'eu', '##r']"
unknown,rent,['unknown']
,subscription,[]
internet enefit bill july,utilities,"['internet', 'en', '##ef', '##it', 'bill', 'july']"
unknown,groceries,['unknown']
mobile utilityco bill october eur,utilities,"['mobile', 'utility', '##co', 'bill', 'october', 'eu', '##r']"
general expense invoice eur,other,"['general', 'expense', 'in', '##vo', '##ice', 'eu', '##r']"
spar groceries invoice eur,groceries,"['spa', '##r', 'groceries', 'in', '##vo', '##ice', 'eu', '##r']"
flight boston invoice eur,travel,"['flight', 'boston', 'in', '##vo', '##ice', 'eu', '##r']"
google one subscription invoice eur,subscription,"['google', 'one', 'subscription', 'in', '##vo', '##ice', 'eu', '##r']"
wolt market groceries invoice,groceries,"['wo', '##lt', 'market', 'groceries', 'in', '##vo', '##ice']"
online store groceries invoice eur,groceries,"['online', 'store', 'groceries', 'in', '##vo', '##ice', 'eu', '##r']"
unknown,rent,['unknown']
tickets payment eur,entertainment,"['tickets', 'payment', 'eu', '##r']"
unexpected expense invoice eur,other,"['unexpected', 'expense', 'in', '##vo', '##ice', 'eu', '##r']"
hotel helsinki bill,travel,"['hotel', 'helsinki', 'bill']"
unknown,groceries,['unknown']
prisma groceries payment eur,groceries,"['prism', '##a', 'groceries', 'payment', 'eu', '##r']"
adobe subscription fee,subscription,"['adobe', 'subscription', 'fee']"
train helsinki fee,travel,"['train', 'helsinki', 'fee']"
unknown,utilities,['unknown']
taxi london fee eur,travel,"['taxi', 'london', 'fee', 'eu', '##r']"
heating utilityco bill september eur,utilities,"['heating', 'utility', '##co', 'bill', 'september', 'eu', '##r']"
flight london payment eur,travel,"['flight', 'london', 'payment', 'eu', '##r']"
rent december transfer eur,rent,"['rent', 'december', 'transfer', 'eu', '##r']"
netflix subscription bill eur,subscription,"['netflix', 'subscription', 'bill', 'eu', '##r']"
tickets transfer eur,entertainment,"['tickets', 'transfer', 'eu', '##r']"
youtube subscription invoice eur,subscription,"['youtube', 'subscription', 'in', '##vo', '##ice', 'eu', '##r']"
internet enefit bill september,utilities,"['internet', 'en', '##ef', '##it', 'bill', 'september']"
unknown,travel,['unknown']
heating enefit bill september,utilities,"['heating', 'en', '##ef', '##it', 'bill', 'september']"
internet utilityco bill june,utilities,"['internet', 'utility', '##co', 'bill', 'june']"
water enefit bill january,utilities,"['water', 'en', '##ef', '##it', 'bill', 'january']"
museum bill eur,entertainment,"['museum', 'bill', 'eu', '##r']"
internet utilityco bill march eur,utilities,"['internet', 'utility', '##co', 'bill', 'march', 'eu', '##r']"
restaurant payment,entertainment,"['restaurant', 'payment']"
internet utilityco bill august,utilities,"['internet', 'utility', '##co', 'bill', 'august']"
taxi berlin bill eur,travel,"['taxi', 'berlin', 'bill', 'eu', '##r']"
misc expense transfer,other,"['mis', '##c', 'expense', 'transfer']"
heating telia bill march,utilities,"['heating', 'tel', '##ia', 'bill', 'march']"
mobile citywater bill july eur,utilities,"['mobile', 'city', '##water', 'bill', 'july', 'eu', '##r']"
flight riga bill,travel,"['flight', 'riga', 'bill']"
lidl groceries fee,groceries,"['lid', '##l', 'groceries', 'fee']"
maxima groceries transfer eur,groceries,"['maxim', '##a', 'groceries', 'transfer', 'eu', '##r']"
,groceries,[]
museum transfer eur,entertainment,"['museum', 'transfer', 'eu', '##r']"
cinema invoice,entertainment,"['cinema', 'in', '##vo', '##ice']"
selver groceries payment eur,groceries,"['se', '##lver', 'groceries', 'payment', 'eu', '##r']"
internet enefit bill november eur,utilities,"['internet', 'en', '##ef', '##it', 'bill', 'november', 'eu', '##r']"
rent july invoice eur,rent,"['rent', 'july', 'in', '##vo', '##ice', 'eu', '##r']"
unknown,travel,['unknown']
disney subscription fee eur,subscription,"['disney', 'subscription', 'fee', 'eu', '##r']"
internet telia bill august,utilities,"['internet', 'tel', '##ia', 'bill', 'august']"
heating elisa bill july,utilities,"['heating', 'elisa', 'bill', 'july']"
hotel tartu transfer,travel,"['hotel', 'tar', '##tu', 'transfer']"
taxi paris bill,travel,"['taxi', 'paris', 'bill']"
wolt market groceries transfer,groceries,"['wo', '##lt', 'market', 'groceries', 'transfer']"
prisma groceries transfer,groceries,"['prism', '##a', 'groceries', 'transfer']"
restaurant bill eur,entertainment,"['restaurant', 'bill', 'eu', '##r']"
online store groceries payment eur,groceries,"['online', 'store', 'groceries', 'payment', 'eu', '##r']"
mobile telia bill march,utilities,"['mobile', 'tel', '##ia', 'bill', 'march']"
unknown,utilities,['unknown']
maxima groceries fee,groceries,"['maxim', '##a', 'groceries', 'fee']"
cinema payment eur,entertainment,"['cinema', 'payment', 'eu', '##r']"
disney subscription invoice eur,subscription,"['disney', 'subscription', 'in', '##vo', '##ice', 'eu', '##r']"
rent november bill eur,rent,"['rent', 'november', 'bill', 'eu', '##r']"
